M,Torch (GB/s),Triton (GB/s),Helion (GB/s),Cute (GB/s),Gluon (GB/s)
512.000000,141.633009,362.871084,426.788957,764.445104,299.610576
768.000000,163.734718,410.610649,483.926688,876.817743,338.155618
1024.000000,158.039292,429.867902,515.132016,822.046916,372.852152
1280.000000,155.144218,450.892228,553.319700,801.815506,400.207020
1536.000000,159.416460,482.321215,565.396852,792.714573,415.335583
1792.000000,163.856545,505.063951,577.473156,759.584369,443.370375
2048.000000,167.257462,511.862446,585.289367,699.830220,449.662065
2304.000000,168.423752,514.508283,587.902018,724.090526,467.771610
2560.000000,169.688157,524.429681,601.201619,716.165797,477.527681
2816.000000,171.330069,535.785639,609.613751,705.494683,482.121846
3072.000000,172.823029,532.552741,614.042089,698.298517,490.536207
3328.000000,173.479332,541.045294,615.857650,693.274229,490.245620
3584.000000,174.531834,544.335367,624.175570,687.552568,501.724631
3840.000000,175.304476,544.343897,629.019050,694.883323,506.870052
4096.000000,176.652191,550.888024,629.148442,695.342174,510.179338
4352.000000,177.501784,553.163361,636.661105,693.712758,513.226464
4608.000000,178.639894,553.064360,639.528852,547.414577,513.513567
4864.000000,179.665095,557.923439,640.191453,696.340568,519.249374
5120.000000,180.366677,559.910060,645.397889,698.060110,523.264731
5376.000000,181.098941,560.895652,645.409228,706.052888,521.724847
5632.000000,181.552067,561.867987,650.365617,705.817178,527.872935
5888.000000,182.348083,564.950652,652.104989,705.194884,524.203799
6144.000000,182.800552,565.793012,654.222206,705.913083,527.046859
6400.000000,183.714020,569.107336,656.212645,702.929239,531.456896
6656.000000,184.045840,570.921322,658.209331,708.860240,531.543185
6912.000000,184.561684,574.093123,660.051647,705.512033,535.675132
7168.000000,181.532452,574.710999,659.677658,703.161104,532.978246
7424.000000,182.217204,574.488760,660.584372,708.887875,533.938087
7680.000000,182.845314,575.637324,664.504618,540.362944,538.724641
7936.000000,183.608734,576.474079,663.654877,706.592671,536.284441
8192.000000,184.282829,577.451738,664.837752,714.307013,541.004113
8448.000000,184.873219,577.464005,666.079377,708.776258,540.222982
8704.000000,185.372259,578.813454,667.650306,715.189186,537.300613
8960.000000,185.919269,581.223338,667.690327,714.652528,543.556579
9216.000000,186.226051,579.620629,669.555051,714.672646,540.606396
9472.000000,186.364512,581.748483,670.790863,716.212374,542.704115
9728.000000,186.619069,581.414195,670.345037,717.082571,545.308142
9984.000000,186.940960,581.823255,670.707814,716.442795,540.180631
10240.000000,187.298651,583.255400,671.005321,716.456293,544.415049
10496.000000,187.723270,584.428694,674.146185,716.387047,543.987686
10752.000000,187.880790,582.653618,673.520107,717.217368,544.187623
11008.000000,188.177793,584.054349,674.911861,717.285360,546.435899
11264.000000,188.495901,585.933950,675.283672,717.566489,545.704928
11520.000000,188.581953,585.759594,674.747250,717.247404,546.462221
11776.000000,188.884793,587.160718,675.102116,716.910662,547.316859
12032.000000,188.967711,587.140155,675.725601,594.073433,547.017124
12288.000000,188.975741,587.881834,675.705893,720.723148,547.207259
12544.000000,189.456513,588.767641,678.087082,721.252178,549.449813
12800.000000,189.517149,589.520352,678.781610,722.048392,550.313241
13056.000000,189.710298,588.935325,679.336588,720.755749,548.185917
13312.000000,189.922715,591.166239,678.535647,721.536416,549.005054
13568.000000,189.995653,590.162509,678.796390,719.270303,551.009309
13824.000000,190.036271,591.151029,679.361006,719.103966,549.833026
14080.000000,188.732373,590.683664,680.199631,718.881203,550.847413
14336.000000,189.115917,591.827713,679.286649,719.292448,549.371887
14592.000000,189.408462,592.296004,680.781400,719.948956,550.736552
14848.000000,189.657237,592.579641,680.272813,719.339020,551.280329
15104.000000,189.931702,592.148601,681.875372,722.402540,551.380094
15360.000000,190.154283,593.162970,681.823741,722.489610,552.554382
15616.000000,190.387679,593.283336,682.614860,723.066057,550.836760
15872.000000,190.527017,593.707664,681.259534,722.616843,552.320693
16128.000000,190.619375,594.041698,682.187446,719.628170,551.625004
16384.000000,190.793348,593.170910,682.615869,719.997360,552.393796
16640.000000,190.939141,593.097616,682.626197,722.912743,554.217219
16896.000000,191.056818,593.416731,682.606540,722.853261,553.203757
17152.000000,191.104200,594.025575,683.266547,719.342621,552.961979
17408.000000,191.154472,594.002144,684.384005,720.781161,554.177356
17664.000000,191.281991,594.661811,684.569244,722.456919,553.011644
17920.000000,191.362224,595.221905,684.175734,721.039707,555.094331
18176.000000,191.392584,594.391047,685.301758,720.595652,553.586283
18432.000000,191.507848,595.707121,684.623191,723.201287,554.718805
18688.000000,191.557771,595.946744,684.885114,723.858861,556.433745
18944.000000,191.610862,596.428263,686.155960,720.321443,554.761988
19200.000000,191.679810,595.864804,685.675286,722.794706,554.834015
19456.000000,191.802832,596.262740,686.274793,721.020548,555.607609
19712.000000,191.890531,596.596428,685.644460,724.091989,554.011445
19968.000000,191.919484,596.433325,686.682358,725.053891,556.517262
20224.000000,192.033596,596.516717,685.992438,721.231451,555.298400
20480.000000,192.044725,596.496815,686.307916,724.683766,555.816704
20736.000000,192.067562,597.389938,687.378002,721.252174,556.928663
20992.000000,191.436782,597.846547,686.787926,725.197656,556.131032
21248.000000,191.535583,597.667721,686.861080,721.631751,557.589968
21504.000000,191.705262,597.365240,687.774554,724.514740,556.759835
21760.000000,191.828008,597.443158,686.942968,720.883950,556.824214
22016.000000,192.061066,597.562439,687.187137,724.947308,557.256870
22272.000000,192.163929,598.320347,687.420588,721.541162,557.511407
22528.000000,192.234575,598.695137,687.670168,724.812781,558.106985
22784.000000,192.311046,598.388395,688.289379,720.954513,557.175691
23040.000000,192.403016,598.354686,688.633331,725.249395,557.569562
23296.000000,192.492182,598.585931,688.901082,721.000803,558.133334
23552.000000,192.542835,598.193116,688.394062,725.416287,557.544195
23808.000000,192.580250,599.029732,689.360000,721.482157,557.491395
24064.000000,192.651130,598.918398,688.587564,725.454738,557.455277
24320.000000,192.683524,598.700796,689.462506,725.901049,557.136429
24576.000000,192.750800,600.188799,688.644498,721.975246,558.242687
24832.000000,192.752390,598.750125,689.258289,725.559782,557.232724
25088.000000,192.721732,599.856022,689.080339,720.075528,557.539528
25344.000000,192.756218,600.083805,687.854885,724.554750,556.961401
